{"reservoir_0": {"units": 50, "sr": 3.6968134343344676, "mu": 0, "input_scaling": 0.0006094151591584004, "learning_rate": 2.009694595391121e-05, "connectivity": 0.5, "activation": "sigmoid", "ridge": 0.02089324787380964}, "reservoir_1": {"units": 50, "sr": 1.9311532515085783, "mu": 0, "input_scaling": 1.856634701635227e-05, "learning_rate": 3.7224642279303366e-05, "connectivity": 0.1, "activation": "tanh", "ridge": 1.3065409623976157e-08}, "reservoir_2": {"units": 50, "sr": 1.0704967772130087, "mu": 0, "input_scaling": 0.00024079887789859545, "learning_rate": 2.1387142680857906e-05, "connectivity": 0.1, "activation": "sigmoid", "ridge": 2.474360037918776e-08}, "reservoir_3": {"units": 50, "sr": 0.3501678044873985, "mu": 1, "input_scaling": 1.504470814140488e-05, "learning_rate": 1.1677077221393417e-05, "connectivity": 0.1, "activation": "sigmoid", "ridge": 0.03583872628493439}, "seed": 12345, "n_instances": 5, "epochs": 100, "warmup": 100, "score": -0.025223787152990063}