{"reservoir_0": {"units": 5000, "sr": 0.10768265978456315, "mu": 0, "input_scaling": 0.00012142077167148023, "learning_rate": 0.0002585084285250632, "connectivity": 0.1, "activation": "sigmoid", "ridge": 3.204036324371366}, "reservoir_1": {"units": 50, "sr": 6.787256385417746, "mu": 0, "input_scaling": 0.00015475891193378704, "learning_rate": 0.0002015683445649581, "connectivity": 0.1, "activation": "sigmoid", "ridge": 7.156484423371474e-07}, "reservoir_2": {"units": 500, "sr": 0.15713746733628706, "mu": 0, "input_scaling": 0.001998636025170744, "learning_rate": 0.006634350665235853, "connectivity": 0.5, "activation": "sigmoid", "ridge": 0.2669534972357478}, "reservoir_3": {"units": 5000, "sr": 0.17033117195698452, "mu": 1, "input_scaling": 0.49611213964973927, "learning_rate": 0.0012443880310902128, "connectivity": 0.1, "activation": "sigmoid", "ridge": 0.4574093627208189}, "seed": 12345, "n_instances": 5, "epochs": 100, "warmup": 100, "score": -0.004880738598175678}