{"reservoir_0": {"units": 5000, "sr": 0.02642917723137062, "mu": 1, "input_scaling": 0.6377878723834188, "learning_rate": 0.00029564319746920424, "connectivity": 0.5, "activation": "sigmoid", "ridge": 0.009216439298985057}, "reservoir_1": {"units": 50, "sr": 0.32185240894258527, "mu": 1, "input_scaling": 0.017026405912676238, "learning_rate": 0.0001587625227883462, "connectivity": 0.1, "activation": "tanh", "ridge": 8.83225428556779e-07}, "reservoir_2": {"units": 5000, "sr": 0.09996558942609708, "mu": 0, "input_scaling": 1.2898167777128247, "learning_rate": 8.429423331581342e-05, "connectivity": 0.1, "activation": "tanh", "ridge": 5.0917371560640197e-08}, "seed": 12345, "n_instances": 5, "epochs": 100, "warmup": 100, "score": -0.0024041551727071826}