{"reservoir_0": {"units": 500, "sr": 0.18745884057926773, "mu": 0, "input_scaling": 0.0013012484127236405, "learning_rate": 9.616849153110526e-05, "connectivity": 0.1, "activation": "sigmoid", "ridge": 0.00012244534077388762}, "reservoir_1": {"units": 50, "sr": 0.011932730329602289, "mu": 0, "input_scaling": 0.022955080197915576, "learning_rate": 0.009190040406596553, "connectivity": 0.1, "activation": "sigmoid", "ridge": 8.53489900032535e-05}, "reservoir_2": {"units": 500, "sr": 0.015412044740202465, "mu": 0, "input_scaling": 4.599124133332929e-05, "learning_rate": 2.3541570006313116e-05, "connectivity": 0.1, "activation": "sigmoid", "ridge": 0.009991573855623393}, "seed": 12345, "n_instances": 5, "epochs": 100, "warmup": 100, "score": -0.002406526501180211}