{"reservoir_0": {"units": 50, "sr": 0.07229845713815686, "mu": 0, "input_scaling": 0.00593648857842869, "learning_rate": 0.0009975188935507583, "connectivity": 0.1, "activation": "tanh", "ridge": 5.245584064756762}, "reservoir_1": {"units": 50, "sr": 0.041662539707889204, "mu": 0, "input_scaling": 0.04289254558074494, "learning_rate": 0.0004640771323050381, "connectivity": 0.5, "activation": "tanh", "ridge": 1.3018764929345348}, "reservoir_2": {"units": 500, "sr": 0.15981457073346253, "mu": 0, "input_scaling": 22.492184593762616, "learning_rate": 6.008596132163871e-05, "connectivity": 0.1, "activation": "sigmoid", "ridge": 0.0008705937790145385}, "reservoir_3": {"units": 5000, "sr": 4.653942702839947, "mu": 0, "input_scaling": 0.00028166485212051547, "learning_rate": 7.560469328122301e-05, "connectivity": 0.1, "activation": "tanh", "ridge": 0.00020420916499141485}, "reservoir_4": {"units": 500, "sr": 0.4535510727738716, "mu": 0, "input_scaling": 7.722339929493638e-05, "learning_rate": 0.00036762502758896324, "connectivity": 0.5, "activation": "sigmoid", "ridge": 7.106204187865758}, "seed": 12345, "n_instances": 5, "epochs": 100, "warmup": 100, "score": -0.02534024170076512}