{"reservoir_0": {"units": 50, "sr": 5.538788355532244, "mu": 0, "input_scaling": 21.867901663416024, "learning_rate": 6.518772959417594e-05, "connectivity": 0.5, "activation": "tanh", "ridge": 0.28574362736078734}, "reservoir_1": {"units": 500, "sr": 0.07994865748703366, "mu": 0, "input_scaling": 0.008202279800084984, "learning_rate": 0.0069012769826514156, "connectivity": 0.5, "activation": "sigmoid", "ridge": 0.12909367738411476}, "reservoir_2": {"units": 5000, "sr": 0.7788934161891058, "mu": 0, "input_scaling": 0.011712155381380282, "learning_rate": 0.002989595459146898, "connectivity": 0.1, "activation": "tanh", "ridge": 0.00030304461949437597}, "seed": 12345, "n_instances": 5, "epochs": 100, "warmup": 100, "score": -0.025908554847539744}