{"reservoir_0": {"units": 5000, "sr": 0.28982496027649524, "mu": 1, "input_scaling": 0.00024771981901243803, "learning_rate": 0.007346306214027171, "connectivity": 0.1, "activation": "sigmoid", "ridge": 0.0011842227908330529}, "reservoir_1": {"units": 5000, "sr": 0.05880823216574463, "mu": 0, "input_scaling": 2.7935064872685883e-05, "learning_rate": 2.367129707811937e-05, "connectivity": 0.1, "activation": "sigmoid", "ridge": 0.2919895319095218}, "seed": 12345, "n_instances": 5, "epochs": 100, "warmup": 100, "score": -0.025171712663437124}