{"reservoir_0": {"units": 5000, "sr": 0.012300213241598185, "mu": 0, "input_scaling": 0.0002254994846105785, "learning_rate": 0.00844328072187199, "connectivity": 0.5, "activation": "tanh", "ridge": 4.342777774698734e-07}, "reservoir_1": {"units": 50, "sr": 0.02586711515279862, "mu": 0, "input_scaling": 0.012542143657092716, "learning_rate": 5.103491971992713e-05, "connectivity": 0.1, "activation": "sigmoid", "ridge": 2.1426090314975615e-08}, "reservoir_2": {"units": 50, "sr": 0.053098461572522404, "mu": 1, "input_scaling": 8.780773093763694e-05, "learning_rate": 0.0004722389625864345, "connectivity": 0.5, "activation": "sigmoid", "ridge": 1.7885132593810603e-06}, "seed": 12345, "n_instances": 5, "epochs": 100, "warmup": 100, "score": -0.02573830555593084}